{"cameraMode":{"drawMode":0,"name":"Shaded","section":"Shading Mode"},"sceneLighting":false,"audioPlay":false,"sceneViewState":{"m_AlwaysRefresh":false,"showFog":true,"showSkybox":false,"showFlares":true,"showImageEffects":true,"showParticleSystems":true,"showVisualEffectGraphs":true,"m_FxEnabled":true},"in2DMode":false,"pivot":{"x":0.05802221596240997,"y":-0.012692809104919434,"z":0.5107359886169434},"rotation":{"x":-0.07878059893846512,"y":-0.6785435676574707,"z":0.0735689252614975,"w":-0.7266103625297546},"size":0.8579813241958618,"orthographic":true}