{"cameraMode":{"drawMode":0,"name":"Shaded","section":"Shading Mode"},"sceneLighting":false,"audioPlay":false,"sceneViewState":{"m_AlwaysRefresh":false,"showFog":true,"showSkybox":false,"showFlares":true,"showImageEffects":true,"showParticleSystems":true,"showVisualEffectGraphs":true,"m_FxEnabled":true},"in2DMode":false,"pivot":{"x":84.54324340820313,"y":2.2057905197143556,"z":63.15632247924805},"rotation":{"x":-0.6720231175422669,"y":0.00033230739063583314,"z":-0.000989336404018104,"w":-0.7407161593437195},"size":21.15021514892578,"orthographic":true}