{"cameraMode":{"drawMode":0,"name":"Shaded","section":"Shading Mode"},"sceneLighting":false,"audioPlay":false,"sceneViewState":{"m_AlwaysRefresh":false,"showFog":true,"showSkybox":false,"showFlares":true,"showImageEffects":true,"showParticleSystems":true,"showVisualEffectGraphs":true,"m_FxEnabled":true},"in2DMode":false,"pivot":{"x":-1.1920928955078126e-7,"y":0.5117936134338379,"z":-0.023025155067443849},"rotation":{"x":-0.14513643085956574,"y":-0.20534846186637879,"z":0.030357519164681436,"w":-0.9674856066703796},"size":2.048903465270996,"orthographic":true}