{"cameraMode":{"drawMode":0,"name":"Shaded","section":"Shading Mode"},"sceneLighting":true,"audioPlay":false,"sceneViewState":{"m_AlwaysRefresh":false,"showFog":true,"showSkybox":true,"showFlares":true,"showImageEffects":true,"showParticleSystems":true,"showVisualEffectGraphs":true,"m_FxEnabled":true},"in2DMode":false,"pivot":{"x":0.30655962228775027,"y":8.845537185668946,"z":19.35666275024414},"rotation":{"x":0.25152334570884707,"y":-0.03508943319320679,"z":0.009238021448254586,"w":0.9672914147377014},"size":12.942923545837403,"orthographic":false}