{"cameraMode":{"drawMode":0,"name":"Shaded","section":"Shading Mode"},"sceneLighting":false,"audioPlay":false,"sceneViewState":{"m_AlwaysRefresh":false,"showFog":true,"showSkybox":false,"showFlares":true,"showImageEffects":true,"showParticleSystems":true,"showVisualEffectGraphs":true,"m_FxEnabled":true},"in2DMode":false,"pivot":{"x":-0.11335018277168274,"y":0.8547506332397461,"z":0.18042920529842378},"rotation":{"x":-0.053037289530038837,"y":-0.626328706741333,"z":0.04218399152159691,"w":-0.7767276763916016},"size":1.4083967208862305,"orthographic":true}