{"cameraMode":{"drawMode":0,"name":"Shaded","section":"Shading Mode"},"sceneLighting":false,"audioPlay":false,"sceneViewState":{"m_AlwaysRefresh":false,"showFog":true,"showSkybox":false,"showFlares":true,"showImageEffects":true,"showParticleSystems":true,"showVisualEffectGraphs":true,"m_FxEnabled":true},"in2DMode":false,"pivot":{"x":-0.1373457908630371,"y":0.44937509298324587,"z":0.8992148637771606},"rotation":{"x":0.13568143546581269,"y":-0.6934195756912231,"z":0.13545328378677369,"w":0.6946859359741211},"size":9.311168670654297,"orthographic":false}